product_id,brand,price,mrp,discount_percent
483440,20Dresses,1481.77,1795.0,17.45
502325,9shines Label,2199.0,2199.0,0.0
120127,A Homes Grace,3959.52,5000.0,20.81
452480,9shines Label,2199.0,2199.0,0.0
474551,20Dresses,833.6,1395.0,40.24
103543,9shines Label,1458.44,2199.0,33.68
402163,20Dresses,852.77,1295.0,34.15
243829,4711,3342.6,4500.0,25.72
390834,4WRD by Dressberry,810.56,1299.0,37.6
449420,20Dresses,1095.0,1095.0,0.0
373033,4711,2436.48,2900.0,15.98
271517,20Dresses,940.02,1395.0,32.62
524930,20Dresses,1039.72,1295.0,19.71
541559,250 DESIGNS,2947.26,3999.0,26.3
269945,A Homes Grace,3154.84,5000.0,36.9
90987,9shines Label,1703.41,2199.0,22.54
533033,20Dresses,1295.0,1295.0,0.0
482252,20Dresses,1586.74,1795.0,11.6
433570,9shines Label,1520.48,2199.0,30.86
335496,20Dresses,1395.0,1395.0,0.0
256260,250 DESIGNS,3999.0,3999.0,0.0
464494,20Dresses,1295.0,1295.0,0.0
261952,A Homes Grace,1855.61,6000.0,69.07
326866,20Dresses,1128.68,1395.0,19.09
491539,20Dresses,1337.2,1795.0,25.5
132144,20Dresses,1322.65,1595.0,17.08
369062,20Dresses,1198.01,1295.0,7.49
530095,20Dresses,1256.02,1495.0,15.99
189766,A Homes Grace,1838.26,6000.0,69.36
171250,A Homes Grace,1536.88,4500.0,65.85
217291,20Dresses,1189.97,1495.0,20.4
105742,20Dresses,1398.52,1595.0,12.32
145534,20Dresses,598.12,1195.0,49.95
498031,20Dresses,1190.62,1395.0,14.65
139907,20Dresses,1495.0,1495.0,0.0
49619,20Dresses,1395.0,1395.0,0.0
483358,4711,2884.91,4500.0,35.89
167081,9shines Label,2199.0,2199.0,0.0
106270,20Dresses,1969.54,2495.0,21.06
342779,20Dresses,2695.0,2695.0,0.0
379704,20Dresses,1132.01,1295.0,12.59
271718,20Dresses,1512.72,1595.0,5.16
453612,20Dresses,1036.57,1395.0,25.69
120648,20Dresses,1002.89,1795.0,44.13
226526,20Dresses,1105.24,1295.0,14.65
132180,20Dresses,1163.24,1595.0,27.07
211466,9shines Label,1529.19,2199.0,30.46
164457,4711,2523.9,3050.0,17.25
226047,20Dresses,1952.4,2495.0,21.75
240841,20Dresses,1040.18,1395.0,25.43
134382,250 DESIGNS,1923.98,3999.0,51.89
304615,20Dresses,1007.85,1395.0,27.75
260962,20Dresses,1812.47,2195.0,17.43
327572,4WRD by Dressberry,823.43,1299.0,36.61
171823,9shines Label,1281.42,2199.0,41.73
387200,20Dresses,1151.51,1595.0,27.81
497606,20Dresses,692.4,1195.0,42.06
334684,20Dresses,896.19,1395.0,35.76
429200,20Dresses,1114.93,1295.0,13.91
205085,20Dresses,2032.92,2395.0,15.12
169765,20Dresses,1595.0,1595.0,0.0
440075,20Dresses,1294.87,1695.0,23.61
92691,4711,3776.1,4500.0,16.09
101789,250 DESIGNS,3999.0,3999.0,0.0
527962,9shines Label,1276.73,2199.0,41.94
408940,20Dresses,1144.18,1295.0,11.65
310904,9shines Label,1909.92,2199.0,13.15
116266,20Dresses,1271.73,1795.0,29.15
432874,20Dresses,889.21,1595.0,44.25
347791,20Dresses,1331.05,1395.0,4.58
240882,20Dresses,1132.65,1395.0,18.81
266902,20Dresses,977.16,1295.0,24.54
380205,20Dresses,2059.95,2295.0,10.24
164312,9shines Label,1619.96,2199.0,26.33
80254,4711,4356.08,4500.0,3.2
380656,20Dresses,1095.0,1095.0,0.0
440244,20Dresses,1297.84,1395.0,6.96
479230,20Dresses,1295.0,1295.0,0.0
168458,20Dresses,1495.0,1495.0,0.0
318244,20Dresses,1414.54,1795.0,21.2
166111,A Homes Grace,3883.16,6000.0,35.28
379585,4711,1473.9,1800.0,18.12
503399,20Dresses,635.93,1395.0,54.41
55856,20Dresses,1268.4,1295.0,2.05
540863,A Homes Grace,3304.47,4500.0,26.57
257941,20Dresses,1142.9,1295.0,11.75
92703,20Dresses,1721.99,2195.0,21.55
217540,20Dresses,1389.88,2195.0,36.68
368165,20Dresses,1595.0,1595.0,0.0
60152,4711,9004.07,9050.0,0.51
118014,20Dresses,1364.49,1395.0,2.19
364922,20Dresses,1390.39,2895.0,51.97
150122,20Dresses,1242.54,1295.0,4.05
215763,9shines Label,1302.37,2199.0,40.77
161805,4711,1662.17,2900.0,42.68
455361,4711,1886.19,3050.0,38.16
123514,9shines Label,1480.02,2199.0,32.7
439554,4711,3623.59,4500.0,19.48
531417,20Dresses,934.52,1295.0,27.84
184648,20Dresses,1144.58,1395.0,17.95
303278,4711,3258.12,4500.0,27.6
368633,20Dresses,1154.5,1595.0,27.62
265576,20Dresses,1504.13,2295.0,34.46
338809,20Dresses,2039.78,2295.0,11.12
95473,20Dresses,1095.0,1095.0,0.0
537755,20Dresses,1295.0,1295.0,0.0
145059,20Dresses,755.16,1295.0,41.69
375891,20Dresses,977.41,1095.0,10.74
464607,250 DESIGNS,3999.0,3999.0,0.0
491398,20Dresses,2164.18,2295.0,5.7
277805,4WRD by Dressberry,1217.34,1299.0,6.29
385447,A Homes Grace,3353.67,5000.0,32.93
228787,20Dresses,804.71,1495.0,46.17
206888,20Dresses,812.12,1295.0,37.29
445737,20Dresses,1064.12,1595.0,33.28
193487,20Dresses,1027.42,1295.0,20.66
173597,20Dresses,1499.12,2195.0,31.7
204456,4WRD by Dressberry,1798.0,2799.0,35.76
155272,20Dresses,1695.0,1695.0,0.0
239913,20Dresses,1595.0,1595.0,0.0
106273,A Homes Grace,2061.33,4500.0,54.19
438237,20Dresses,1002.11,1395.0,28.16
109419,4711,3667.05,4500.0,18.51
150292,A Homes Grace,3309.29,5000.0,33.81
314823,9shines Label,1721.85,2199.0,21.7
348572,20Dresses,1150.02,1395.0,17.56
183419,20Dresses,849.03,1595.0,46.77
228802,9shines Label,2199.0,2199.0,0.0
88086,20Dresses,1450.01,1495.0,3.01
340453,20Dresses,1522.3,2195.0,30.65
271011,20Dresses,881.15,1295.0,31.96
329418,4711,2608.19,2700.0,3.4
76967,4711,2665.0,3050.0,12.62
195685,4711,4500.0,4500.0,0.0
233551,20Dresses,1089.7,1095.0,0.48
123094,20Dresses,760.46,1295.0,41.28
527890,20Dresses,1055.78,1795.0,41.18
284554,20Dresses,2134.15,2495.0,14.46
318620,4WRD by Dressberry,1299.0,1299.0,0.0
204563,20Dresses,994.98,1295.0,23.17
466253,20Dresses,621.99,1095.0,43.2
265203,250 DESIGNS,2110.92,3999.0,47.21
461441,4711,2900.0,2900.0,0.0
242442,250 DESIGNS,3999.0,3999.0,0.0
207456,20Dresses,1173.68,1395.0,15.87
127834,20Dresses,874.26,1295.0,32.49
97583,20Dresses,712.66,1295.0,44.97
479846,20Dresses,1258.93,2495.0,49.54
177507,20Dresses,1291.11,1295.0,0.3
351746,20Dresses,939.23,1095.0,14.23
85265,250 DESIGNS,1437.91,3999.0,64.04
162594,9shines Label,1710.76,2199.0,22.2
516967,4711,2734.11,4500.0,39.24
359124,4WRD by Dressberry,1250.1,2799.0,55.34
484087,20Dresses,824.94,1795.0,54.04
174450,A Homes Grace,2718.23,5000.0,45.64
55458,20Dresses,1264.78,1395.0,9.33
414393,20Dresses,796.56,1295.0,38.49
112676,A Homes Grace,2162.55,4500.0,51.94
194373,4WRD by Dressberry,1137.21,2799.0,59.37
393353,4711,1720.71,2900.0,40.67
194617,20Dresses,1424.68,1595.0,10.68
276300,20Dresses,775.87,1295.0,40.09
299550,20Dresses,1138.17,1495.0,23.87
152720,20Dresses,1193.69,1295.0,7.82
263532,20Dresses,932.11,1295.0,28.02
48083,20Dresses,719.24,795.0,9.53
353403,20Dresses,1395.0,1395.0,0.0
427982,20Dresses,1832.1,2295.0,20.17
308562,20Dresses,885.59,1195.0,25.89
404052,9shines Label,1324.78,2199.0,39.76
388762,20Dresses,1119.53,1395.0,19.75
67811,20Dresses,1395.0,1395.0,0.0
428113,4711,4370.41,4500.0,2.88
417125,20Dresses,1111.62,1295.0,14.16
306628,20Dresses,1048.05,1395.0,24.87
66573,20Dresses,601.54,1395.0,56.88
233564,20Dresses,850.81,1295.0,34.3
143278,20Dresses,1212.36,1395.0,13.09
418738,9shines Label,1128.64,2199.0,48.67
76560,20Dresses,1131.97,1495.0,24.28
287407,4711,4500.0,4500.0,0.0
478664,4711,4500.0,4500.0,0.0
504960,20Dresses,1130.39,1495.0,24.39
167822,20Dresses,973.79,1295.0,24.8
281048,4711,3550.39,4500.0,21.1
400424,20Dresses,1478.39,1695.0,12.78
332198,20Dresses,1006.2,1095.0,8.11
382419,20Dresses,1015.67,1295.0,21.57
212011,20Dresses,822.14,1295.0,36.51
189442,20Dresses,681.32,1395.0,51.16
141963,20Dresses,1442.94,1795.0,19.61
323264,20Dresses,1123.32,1395.0,19.47
138505,20Dresses,2357.64,2695.0,12.52
459442,9shines Label,1244.56,2199.0,43.4
476856,20Dresses,1585.99,1795.0,11.64
316277,20Dresses,1204.73,1495.0,19.42
353899,9shines Label,923.39,2199.0,58.01
281243,20Dresses,757.82,1295.0,41.48
140238,4711,7909.95,9050.0,12.6
341592,20Dresses,1426.22,1595.0,10.58
451235,20Dresses,1204.04,1295.0,7.02
495018,9shines Label,1664.12,2199.0,24.32
523320,20Dresses,575.65,795.0,27.59
247873,4711,8829.19,9050.0,2.44
306688,20Dresses,1729.08,2895.0,40.27
238251,20Dresses,980.17,1295.0,24.31
214318,20Dresses,966.55,1495.0,35.35
443288,20Dresses,1495.0,1495.0,0.0
47321,4WRD by Dressberry,1110.53,1299.0,14.51
357731,A Homes Grace,5000.0,5000.0,0.0
117385,20Dresses,1295.0,1295.0,0.0
113635,20Dresses,1222.59,1295.0,5.59
160229,20Dresses,1182.26,1295.0,8.71
440441,20Dresses,1047.51,1395.0,24.91
307561,20Dresses,1085.3,1395.0,22.2
123904,20Dresses,2271.86,2695.0,15.7
505026,20Dresses,1425.28,1495.0,4.66
428397,A Homes Grace,2525.31,5000.0,49.49
145179,20Dresses,1426.84,1595.0,10.54
291250,4711,2014.38,3050.0,33.95
303705,20Dresses,1295.0,1295.0,0.0
329935,A Homes Grace,1888.17,6000.0,68.53
275864,4711,2021.86,2900.0,30.28
313848,20Dresses,1495.0,1495.0,0.0
345099,A Homes Grace,2825.94,5000.0,43.48
461606,20Dresses,914.31,1395.0,34.46
342456,20Dresses,1143.85,1395.0,18.0
188791,20Dresses,960.05,1395.0,31.18
510301,20Dresses,1310.11,1395.0,6.09
130053,20Dresses,2195.0,2195.0,0.0
361587,4711,2740.59,3050.0,10.14
366718,20Dresses,1495.0,1495.0,0.0
443296,4711,3364.56,4500.0,25.23
435061,20Dresses,1088.43,1095.0,0.6
46414,20Dresses,1013.25,1695.0,40.22
131586,20Dresses,835.32,1195.0,30.1
195187,9shines Label,1137.79,2199.0,48.26
66777,20Dresses,1164.45,1295.0,10.08
183580,20Dresses,1182.18,1195.0,1.07
199215,A Homes Grace,3081.38,6000.0,48.64
75065,20Dresses,2806.69,2895.0,3.05
289572,20Dresses,1795.0,1795.0,0.0
284918,20Dresses,1067.94,1295.0,17.53
184563,4711,4500.0,4500.0,0.0
171668,20Dresses,1023.02,1795.0,43.01
85496,20Dresses,1377.41,1795.0,23.26
240748,20Dresses,930.05,1295.0,28.18
162020,A Homes Grace,2634.22,6000.0,56.1
481964,4WRD by Dressberry,1299.0,1299.0,0.0
230240,20Dresses,1148.98,2495.0,53.95
92665,20Dresses,1097.88,1295.0,15.22
162360,20Dresses,1414.91,1595.0,11.29
162045,20Dresses,1378.33,1495.0,7.8
69810,20Dresses,1263.63,1795.0,29.6
103795,20Dresses,1395.0,1395.0,0.0
191906,20Dresses,1406.29,1795.0,21.65
209795,20Dresses,1233.51,1295.0,4.75
366082,20Dresses,1220.82,1295.0,5.73
406749,9shines Label,1481.35,2199.0,32.64
492932,20Dresses,1176.23,1595.0,26.25
269445,20Dresses,1989.11,2495.0,20.28
53008,20Dresses,2895.0,2895.0,0.0
328453,20Dresses,1141.37,1195.0,4.49
299668,A Homes Grace,2037.81,6000.0,66.04
243166,20Dresses,1057.98,1595.0,33.67
488823,250 DESIGNS,1949.46,3999.0,51.25
237075,20Dresses,1395.0,1395.0,0.0
79449,20Dresses,712.37,1395.0,48.93
421447,4711,3568.92,4500.0,20.69
164780,A Homes Grace,3031.67,4500.0,32.63
361411,20Dresses,1295.0,1295.0,0.0
119416,A Homes Grace,3218.98,6000.0,46.35
280740,20Dresses,1376.96,1495.0,7.9
237759,20Dresses,784.54,1395.0,43.76
336685,20Dresses,869.82,1395.0,37.65
134001,4711,3142.84,4500.0,30.16
312747,20Dresses,889.87,1295.0,31.28
420398,4WRD by Dressberry,1285.09,1299.0,1.07
498924,4711,1370.39,3050.0,55.07
124646,20Dresses,1287.87,1495.0,13.85
429893,9shines Label,1704.87,2199.0,22.47
271206,4711,4115.59,4500.0,8.54
517944,20Dresses,1196.19,1295.0,7.63
419515,20Dresses,1359.4,1595.0,14.77
198622,20Dresses,1048.63,1195.0,12.25
370043,20Dresses,1595.0,1595.0,0.0
494501,4711,1336.04,2900.0,53.93
50712,20Dresses,1166.58,1395.0,16.37
181863,4711,2507.33,4500.0,44.28
253514,20Dresses,1181.34,1695.0,30.3
477325,20Dresses,975.93,1295.0,24.64
132920,20Dresses,1125.59,1495.0,24.71
247247,20Dresses,1080.0,1295.0,16.6
538105,9shines Label,1263.11,2199.0,42.56
498074,4711,4072.49,4500.0,9.5
111399,20Dresses,1147.1,1295.0,11.42
332601,20Dresses,983.81,1195.0,17.67
529380,4711,1325.82,1800.0,26.34
182271,4711,1883.83,2700.0,30.23
162894,4711,6650.61,9050.0,26.51
251163,4711,2060.43,2700.0,23.69
326909,20Dresses,1495.0,1495.0,0.0
130998,4711,2700.0,2700.0,0.0
58720,20Dresses,1510.57,1795.0,15.85
443364,20Dresses,878.34,1795.0,51.07
385457,20Dresses,2111.3,2895.0,27.07
296354,4711,3528.75,4500.0,21.58
282240,250 DESIGNS,1862.43,3999.0,53.43
57135,20Dresses,1395.0,1395.0,0.0
348346,20Dresses,1488.91,1595.0,6.65
540791,20Dresses,1034.84,1395.0,25.82
383928,20Dresses,843.42,1395.0,39.54
362131,20Dresses,2046.72,2495.0,17.97
194800,4711,3684.86,4500.0,18.11
235491,20Dresses,993.31,1195.0,16.88
79634,20Dresses,2364.33,2695.0,12.27
393005,20Dresses,1075.93,1295.0,16.92
453235,20Dresses,1495.0,1495.0,0.0
337879,20Dresses,1163.05,1295.0,10.19
291474,20Dresses,1464.18,1595.0,8.2
206520,20Dresses,1060.83,1295.0,18.08
98562,4WRD by Dressberry,1132.81,1299.0,12.79
305808,20Dresses,1317.68,1395.0,5.54
502116,4711,4500.0,4500.0,0.0
153976,20Dresses,1061.36,1295.0,18.04
519388,9shines Label,1601.18,2199.0,27.19
168712,20Dresses,1495.0,1495.0,0.0
303965,20Dresses,1795.0,1795.0,0.0
127023,20Dresses,966.05,1295.0,25.4
250154,20Dresses,1618.7,2295.0,29.47
265560,4711,3445.51,4500.0,23.43
528364,9shines Label,846.9,2199.0,61.49
511849,4711,2575.57,4500.0,42.77
117133,20Dresses,1795.0,1795.0,0.0
257531,9shines Label,855.17,2199.0,61.11
369471,20Dresses,739.64,1295.0,42.89
136826,20Dresses,1380.83,1395.0,1.02
230782,20Dresses,1393.17,1795.0,22.39
203884,20Dresses,1320.8,1595.0,17.19
209088,20Dresses,1563.35,1795.0,12.91
122825,4711,2518.55,3050.0,17.42
491960,A Homes Grace,2551.18,5000.0,48.98
463758,4WRD by Dressberry,1178.21,1299.0,9.3
509578,20Dresses,1495.0,1495.0,0.0
98934,20Dresses,972.8,1195.0,18.59
54951,20Dresses,1368.92,1595.0,14.17
488368,20Dresses,1537.84,1795.0,14.33
329526,A Homes Grace,2744.17,5000.0,45.12
211343,A Homes Grace,2921.92,5000.0,41.56
464172,4711,3078.46,4500.0,31.59
208033,9shines Label,1147.51,2199.0,47.82
79429,4711,2033.12,3050.0,33.34
452220,20Dresses,1395.0,1395.0,0.0
483734,20Dresses,1295.0,1295.0,0.0
463375,20Dresses,1195.91,1295.0,7.65
227625,20Dresses,1220.73,1295.0,5.74
129174,20Dresses,1295.0,1295.0,0.0
135799,4711,4068.36,4500.0,9.59
261313,9shines Label,1038.73,2199.0,52.76
119227,20Dresses,1595.0,1595.0,0.0
424428,20Dresses,1552.99,1795.0,13.48
306339,20Dresses,1291.86,1395.0,7.39
483984,20Dresses,1050.41,1395.0,24.7
473889,20Dresses,1082.06,1395.0,22.43
193985,20Dresses,791.81,1495.0,47.04
204902,4711,6981.59,9050.0,22.86
480747,4711,3610.21,4500.0,19.77
384661,A Homes Grace,2588.52,4500.0,42.48
518544,20Dresses,1374.75,1595.0,13.81
206144,20Dresses,696.3,1495.0,53.42
130779,20Dresses,662.79,1295.0,48.82
322060,20Dresses,1090.78,1295.0,15.77
349267,20Dresses,1070.55,1395.0,23.26
356891,20Dresses,923.36,1295.0,28.7
352775,20Dresses,1198.52,1295.0,7.45
104031,20Dresses,1631.38,2695.0,39.47
165382,20Dresses,1101.32,1295.0,14.96
398832,20Dresses,1333.3,1395.0,4.42
152507,4711,2886.03,4500.0,35.87
253845,20Dresses,824.02,1495.0,44.88
441359,4711,2272.11,4500.0,49.51
456352,250 DESIGNS,2963.92,3999.0,25.88
522791,20Dresses,1063.51,1395.0,23.76
97371,9shines Label,2199.0,2199.0,0.0
487775,20Dresses,2198.17,2495.0,11.9
103552,20Dresses,1273.74,1595.0,20.14
54132,20Dresses,969.69,1295.0,25.12
156723,20Dresses,814.6,1395.0,41.61
461151,20Dresses,1795.0,1795.0,0.0
438970,20Dresses,1595.0,1595.0,0.0
203154,20Dresses,1219.58,1395.0,12.58
490581,4711,2640.15,2900.0,8.96
192583,20Dresses,1038.72,1295.0,19.79
540233,4711,3707.11,4500.0,17.62
111415,20Dresses,1328.92,1595.0,16.68
239103,20Dresses,1044.94,1295.0,19.31
467051,9shines Label,1302.93,2199.0,40.75
376877,20Dresses,2287.36,2695.0,15.13
191795,20Dresses,894.73,1295.0,30.91
247870,4WRD by Dressberry,1062.57,1299.0,18.2
54115,20Dresses,949.89,1295.0,26.65
51113,9shines Label,1482.66,2199.0,32.58
515491,20Dresses,1234.69,1395.0,11.49
308966,20Dresses,1317.36,1495.0,11.88
199968,20Dresses,915.95,1295.0,29.27
173826,A Homes Grace,2416.89,4500.0,46.29
451043,20Dresses,1093.98,1495.0,26.82
150016,4WRD by Dressberry,1788.36,2799.0,36.11
183944,9shines Label,1626.42,2199.0,26.04
367961,4711,3987.02,4500.0,11.4
380158,9shines Label,1554.81,2199.0,29.29
335773,20Dresses,1138.77,1395.0,18.37
287331,20Dresses,1051.73,1295.0,18.78
307364,20Dresses,1263.08,2495.0,49.38
415609,20Dresses,824.58,1395.0,40.89
349098,20Dresses,1263.6,1295.0,2.42
211179,4711,4155.76,4500.0,7.65
359723,20Dresses,1042.72,1395.0,25.25
191820,20Dresses,774.78,1095.0,29.24
348426,20Dresses,932.64,1395.0,33.14
192116,4711,1800.0,1800.0,0.0
138384,9shines Label,875.32,2199.0,60.19
198037,20Dresses,1057.11,1095.0,3.46
95942,20Dresses,1225.33,1395.0,12.16
228879,4WRD by Dressberry,1299.0,1299.0,0.0
310979,20Dresses,1648.12,2895.0,43.07
486958,A Homes Grace,2712.26,5000.0,45.75
126570,20Dresses,918.68,1295.0,29.06
171271,20Dresses,1118.69,1295.0,13.61
465958,20Dresses,1399.87,1595.0,12.23
371371,9shines Label,2199.0,2199.0,0.0
143040,20Dresses,1878.53,2695.0,30.3
414802,4711,3333.88,4500.0,25.91
434116,4WRD by Dressberry,1608.84,2799.0,42.52
517827,9shines Label,1256.77,2199.0,42.85
315153,20Dresses,1275.05,1395.0,8.6
405629,A Homes Grace,4500.0,4500.0,0.0
76458,20Dresses,1395.0,1395.0,0.0
361856,A Homes Grace,2975.48,5000.0,40.49
262876,20Dresses,1153.53,1195.0,3.47
289975,20Dresses,1123.5,1395.0,19.46
387747,20Dresses,886.38,1195.0,25.83
87349,20Dresses,814.31,1395.0,41.63
539185,250 DESIGNS,2062.64,3999.0,48.42
435270,20Dresses,2295.0,2295.0,0.0
258608,20Dresses,2052.3,2695.0,23.85
155513,20Dresses,2058.12,2295.0,10.32
501001,20Dresses,1581.59,2195.0,27.95
111601,4711,1556.82,2900.0,46.32
439099,250 DESIGNS,2389.68,3999.0,40.24
393332,20Dresses,1295.0,1295.0,0.0
303410,9shines Label,1299.85,2199.0,40.89
169893,20Dresses,2495.0,2495.0,0.0
137428,4711,9050.0,9050.0,0.0
443423,20Dresses,951.27,1295.0,26.54
197072,4711,4500.0,4500.0,0.0
386440,250 DESIGNS,2455.57,3999.0,38.6
409869,9shines Label,1632.91,2199.0,25.74
294479,20Dresses,1126.03,1395.0,19.28
486016,4711,2187.93,2900.0,24.55
172845,20Dresses,1295.0,1295.0,0.0
344999,20Dresses,1414.96,1595.0,11.29
519404,20Dresses,1395.0,1395.0,0.0
109037,4711,3734.02,4500.0,17.02
121834,20Dresses,1278.21,1295.0,1.3
257786,20Dresses,1395.0,1395.0,0.0
91346,4711,3656.84,4500.0,18.74
380901,20Dresses,1203.92,1795.0,32.93
247605,20Dresses,1012.66,1295.0,21.8
536088,4711,1762.21,2700.0,34.73
72361,4711,4005.53,4500.0,10.99
104670,20Dresses,1198.5,1595.0,24.86
73070,20Dresses,1130.75,1395.0,18.94
274732,20Dresses,1224.01,1295.0,5.48
501873,20Dresses,1126.52,1295.0,13.01
459748,9shines Label,1642.71,2199.0,25.3
391861,20Dresses,1495.0,1495.0,0.0
450435,20Dresses,1216.18,1795.0,32.25
130055,20Dresses,1257.34,1495.0,15.9
402737,4711,4500.0,4500.0,0.0
183214,20Dresses,1595.0,1595.0,0.0
441187,20Dresses,1325.25,1395.0,5.0
518289,4711,2863.47,4500.0,36.37
538289,A Homes Grace,1515.27,4500.0,66.33
310624,20Dresses,2025.85,2295.0,11.73
290424,20Dresses,934.48,1395.0,33.01
70017,9shines Label,1622.52,2199.0,26.22
501706,20Dresses,998.49,1295.0,22.9
184024,20Dresses,1383.77,1795.0,22.91
294633,20Dresses,2350.73,2495.0,5.78
269780,20Dresses,1128.05,2295.0,50.85
48365,4WRD by Dressberry,974.28,1299.0,25.0
348536,4711,3427.35,4500.0,23.84
48058,4711,3779.24,4500.0,16.02
81144,20Dresses,1295.0,1295.0,0.0
95613,20Dresses,757.67,1495.0,49.32
202791,20Dresses,947.58,1395.0,32.07
347778,20Dresses,1495.0,1495.0,0.0
204036,20Dresses,2104.13,2395.0,12.14
86272,20Dresses,2067.14,2895.0,28.6
456166,20Dresses,1075.96,1595.0,32.54
305746,20Dresses,1263.62,1495.0,15.48
163357,20Dresses,1182.14,1295.0,8.71
223387,20Dresses,1355.66,1495.0,9.32
291854,4WRD by Dressberry,1417.24,2799.0,49.37
449167,A Homes Grace,1609.78,4500.0,64.23
205548,9shines Label,2199.0,2199.0,0.0
408610,20Dresses,1025.93,1295.0,20.78
399187,20Dresses,1295.0,1295.0,0.0
512947,4711,4009.63,4500.0,10.9
514455,20Dresses,984.93,1295.0,23.94
166024,A Homes Grace,3146.77,5000.0,37.06
201839,20Dresses,1222.3,1395.0,12.38
167845,4711,1716.33,1800.0,4.65
254075,20Dresses,1077.6,1295.0,16.79
172743,20Dresses,933.82,1395.0,33.06
145626,20Dresses,1495.0,1495.0,0.0
390684,9shines Label,1435.16,2199.0,34.74
260305,20Dresses,1143.82,1295.0,11.67
308526,9shines Label,1320.26,2199.0,39.96
502925,20Dresses,1301.43,1695.0,23.22
310304,20Dresses,1395.0,1395.0,0.0
162141,A Homes Grace,2908.61,4500.0,35.36
378942,20Dresses,1495.0,1495.0,0.0
145025,20Dresses,1051.93,1295.0,18.77
544352,20Dresses,1905.78,2395.0,20.43
455901,4711,4500.0,4500.0,0.0
524248,20Dresses,2895.0,2895.0,0.0
415357,4711,3613.95,4500.0,19.69
280554,9shines Label,1326.76,2199.0,39.67
199095,20Dresses,1395.0,1395.0,0.0
529545,20Dresses,788.43,1295.0,39.12
397126,20Dresses,1295.0,1295.0,0.0
396613,20Dresses,1210.02,1395.0,13.26
374575,20Dresses,837.61,1395.0,39.96
121483,9shines Label,1834.37,2199.0,16.58
264424,9shines Label,1025.04,2199.0,53.39
93984,20Dresses,1521.59,2295.0,33.7
538311,20Dresses,1074.59,1495.0,28.12
227184,4711,2441.6,2900.0,15.81
213549,20Dresses,1516.05,1595.0,4.95
404920,20Dresses,1247.22,1395.0,10.59
286560,20Dresses,1070.98,1295.0,17.3
188223,9shines Label,1320.72,2199.0,39.94
468076,20Dresses,931.81,1595.0,41.58
260081,4711,3360.96,4500.0,25.31
220713,20Dresses,1107.43,1195.0,7.33
211513,250 DESIGNS,2099.22,3999.0,47.51
333972,20Dresses,986.33,1295.0,23.84
208363,250 DESIGNS,1727.07,3999.0,56.81
375831,4711,3163.26,4500.0,29.71
307244,4711,2646.15,4500.0,41.2
182670,A Homes Grace,1967.97,5000.0,60.64
338995,20Dresses,1288.46,1295.0,0.51
263627,20Dresses,1292.57,1795.0,27.99
538774,20Dresses,2668.11,2895.0,7.84
254806,20Dresses,763.54,1295.0,41.04
123850,A Homes Grace,2374.83,4500.0,47.23
520786,250 DESIGNS,1933.36,3999.0,51.65
473004,20Dresses,1144.78,1595.0,28.23
340908,20Dresses,1258.12,1595.0,21.12
228102,20Dresses,1065.67,1295.0,17.71
463578,20Dresses,816.88,1395.0,41.44
457343,20Dresses,1332.1,1495.0,10.9
353256,4711,2404.88,2900.0,17.07
60133,9shines Label,1203.11,2199.0,45.29
327153,9shines Label,2199.0,2199.0,0.0
545032,A Homes Grace,3980.68,5000.0,20.39
307138,20Dresses,1094.43,1795.0,39.03
158749,250 DESIGNS,1688.11,3999.0,57.79
109240,20Dresses,1093.44,1095.0,0.14
363581,250 DESIGNS,1927.45,3999.0,51.8
342867,20Dresses,681.0,1195.0,43.01
330617,4711,3811.48,4500.0,15.3
217281,20Dresses,1173.92,1395.0,15.85
77435,4711,2976.57,4500.0,33.85
312757,20Dresses,1149.35,1295.0,11.25
283981,20Dresses,1458.05,1595.0,8.59
118341,20Dresses,1295.0,1295.0,0.0
345889,20Dresses,916.02,1295.0,29.27
327574,A Homes Grace,2235.54,4500.0,50.32
518218,20Dresses,1201.35,1295.0,7.23
381131,20Dresses,842.8,1095.0,23.03
434738,20Dresses,1583.34,1695.0,6.59
294751,20Dresses,1399.53,1795.0,22.03
428876,20Dresses,1198.39,1295.0,7.46
415924,4711,8064.3,9050.0,10.89
204369,20Dresses,1407.53,1595.0,11.75
98940,20Dresses,1258.54,1495.0,15.82
400234,20Dresses,1025.43,1495.0,31.41
89359,20Dresses,401.51,795.0,49.5
463178,20Dresses,1163.45,1395.0,16.6
326012,20Dresses,902.16,1095.0,17.61
117574,4711,2040.49,4500.0,54.66
392425,9shines Label,1827.91,2199.0,16.88
52876,A Homes Grace,4500.0,4500.0,0.0
488781,20Dresses,1227.97,1395.0,11.97
274922,20Dresses,1077.89,1395.0,22.73
136491,20Dresses,695.86,795.0,12.47
505905,20Dresses,1016.06,1395.0,27.16
440458,4WRD by Dressberry,2799.0,2799.0,0.0
99714,4WRD by Dressberry,1249.96,1299.0,3.78
504479,20Dresses,878.67,1395.0,37.01
46937,250 DESIGNS,1839.66,3999.0,54.0
325708,20Dresses,890.34,1295.0,31.25
533611,20Dresses,1234.79,1295.0,4.65
427032,9shines Label,1277.29,2199.0,41.91
137626,20Dresses,1295.0,1295.0,0.0
71620,20Dresses,789.41,1195.0,33.94
323278,20Dresses,2695.0,2695.0,0.0
170710,4WRD by Dressberry,861.61,1299.0,33.67
139092,20Dresses,2434.17,2895.0,15.92
334347,4711,2945.38,4500.0,34.55
294753,20Dresses,1405.6,1495.0,5.98
390317,20Dresses,865.86,1395.0,37.93
495547,20Dresses,1595.0,1595.0,0.0
237904,20Dresses,1377.8,1795.0,23.24
377087,20Dresses,1138.31,1495.0,23.86
264137,20Dresses,1070.58,1395.0,23.26
100380,4711,2213.22,3050.0,27.44
358674,20Dresses,888.46,1395.0,36.31
431257,9shines Label,2199.0,2199.0,0.0
48963,20Dresses,1005.37,1295.0,22.37
82742,250 DESIGNS,3012.44,3999.0,24.67
525758,20Dresses,1401.78,1595.0,12.11
432068,4711,2781.74,4500.0,38.18
190757,4711,2831.85,4500.0,37.07
327570,20Dresses,1057.6,1595.0,33.69
368397,20Dresses,1395.0,1395.0,0.0
224497,A Homes Grace,5000.0,5000.0,0.0
314252,4711,3661.97,4500.0,18.62
481585,A Homes Grace,3590.8,5000.0,28.18
269510,4WRD by Dressberry,1680.71,2799.0,39.95
84203,9shines Label,2199.0,2199.0,0.0
232152,4WRD by Dressberry,1235.89,1299.0,4.86
173000,20Dresses,1136.08,1195.0,4.93
162793,20Dresses,1463.55,1795.0,18.47
134378,20Dresses,892.21,1395.0,36.04
512382,4711,1935.98,3050.0,36.53
384674,20Dresses,2405.0,2695.0,10.76
92904,20Dresses,690.82,1295.0,46.65
75472,20Dresses,796.16,1195.0,33.38
331048,20Dresses,1069.56,1595.0,32.94
265379,4WRD by Dressberry,1066.12,1299.0,17.93
319240,20Dresses,1367.76,1595.0,14.25
400963,20Dresses,1206.0,1395.0,13.55
255649,4711,2430.68,2700.0,9.97
118538,20Dresses,761.19,1295.0,41.22
534443,20Dresses,477.88,795.0,39.89
282403,A Homes Grace,2316.64,4500.0,48.52
512414,20Dresses,1518.68,1795.0,15.39
234088,20Dresses,1155.57,1295.0,10.77
163063,A Homes Grace,3914.72,5000.0,21.71
157668,A Homes Grace,6000.0,6000.0,0.0
404171,20Dresses,1082.23,1195.0,9.44
81128,20Dresses,1495.0,1495.0,0.0
118972,20Dresses,1010.84,1195.0,15.41
159964,20Dresses,1037.31,1295.0,19.9
66102,A Homes Grace,2354.0,4500.0,47.69
222831,20Dresses,1295.0,1295.0,0.0
438506,20Dresses,1026.48,1295.0,20.74
339076,4711,3481.97,4500.0,22.62
453659,A Homes Grace,3546.91,6000.0,40.88
110284,20Dresses,1581.37,1695.0,6.7
522085,20Dresses,1472.34,1595.0,7.69
531420,4WRD by Dressberry,1368.83,2799.0,51.1
210973,20Dresses,751.12,1395.0,46.16
124881,20Dresses,1105.56,1295.0,14.63
469330,20Dresses,1325.2,1495.0,11.36
229517,9shines Label,1078.9,2199.0,50.94
395474,20Dresses,1598.47,1795.0,10.95
192842,20Dresses,1206.13,1395.0,13.54
298320,A Homes Grace,3034.21,5000.0,39.32
178106,20Dresses,1130.83,1395.0,18.94
206872,A Homes Grace,5000.0,5000.0,0.0
516031,A Homes Grace,2765.28,6000.0,53.91
522716,20Dresses,1203.57,1395.0,13.72
96460,20Dresses,1531.43,1795.0,14.68
102583,20Dresses,1008.98,1395.0,27.67
85124,A Homes Grace,2905.51,5000.0,41.89
331490,4WRD by Dressberry,994.07,1299.0,23.47
425678,20Dresses,1098.31,1295.0,15.19
351725,20Dresses,1295.0,1295.0,0.0
488358,20Dresses,1100.26,1295.0,15.04
524403,20Dresses,1094.83,1295.0,15.46
157495,20Dresses,1110.97,1595.0,30.35
166437,20Dresses,1255.98,1395.0,9.97
369781,20Dresses,968.48,1395.0,30.57
46099,A Homes Grace,2661.42,6000.0,55.64
118162,20Dresses,1297.76,1495.0,13.19
532802,20Dresses,1003.11,1295.0,22.54
533510,20Dresses,911.31,1195.0,23.74
343480,20Dresses,1412.81,1495.0,5.5
218162,A Homes Grace,3522.38,4500.0,21.72
419106,20Dresses,706.51,1295.0,45.44
433373,20Dresses,1795.0,1795.0,0.0
453515,20Dresses,1295.47,1695.0,23.57
227958,9shines Label,1303.32,2199.0,40.73
504104,20Dresses,789.87,1095.0,27.87
475577,20Dresses,985.78,1295.0,23.88
134576,9shines Label,1553.23,2199.0,29.37
252443,9shines Label,1424.64,2199.0,35.21
352535,250 DESIGNS,1661.63,3999.0,58.45
490023,20Dresses,861.39,1195.0,27.92
506411,20Dresses,795.0,795.0,0.0
119793,20Dresses,1295.0,1295.0,0.0
77264,A Homes Grace,2675.46,5000.0,46.49
128509,20Dresses,2009.09,2395.0,16.11
53573,9shines Label,1537.93,2199.0,30.06
86467,250 DESIGNS,2742.13,3999.0,31.43
499589,20Dresses,2006.88,2295.0,12.55
489021,20Dresses,989.37,1295.0,23.6
474888,20Dresses,815.85,1295.0,37.0
515006,9shines Label,1434.4,2199.0,34.77
295417,20Dresses,1108.29,1295.0,14.42
369461,20Dresses,1555.76,1695.0,8.21
383596,20Dresses,1118.71,1295.0,13.61
385653,20Dresses,864.32,1195.0,27.67
75558,20Dresses,860.12,1195.0,28.02
502442,20Dresses,1055.2,1595.0,33.84
526527,20Dresses,1971.96,2695.0,26.83
522571,20Dresses,1076.79,1295.0,16.85
541333,4711,2847.5,4500.0,36.72
359859,20Dresses,1678.55,2295.0,26.86
352117,20Dresses,1819.57,2395.0,24.03
517145,4711,3050.0,3050.0,0.0
540296,4711,2800.8,3050.0,8.17
238480,4711,2778.82,4500.0,38.25
225101,20Dresses,947.32,1395.0,32.09
89759,20Dresses,1342.14,1595.0,15.85
238658,20Dresses,1295.0,1295.0,0.0
498545,4711,5990.78,9050.0,33.8
141550,A Homes Grace,2274.84,5000.0,54.5
99812,20Dresses,1027.09,1395.0,26.37
74526,20Dresses,669.24,1195.0,44.0
165264,A Homes Grace,2124.77,6000.0,64.59
190614,20Dresses,1107.51,1295.0,14.48
327034,4711,2854.43,4500.0,36.57
276940,20Dresses,1757.98,2695.0,34.77
487291,4WRD by Dressberry,1262.71,1299.0,2.79
230984,20Dresses,1195.0,1195.0,0.0
366592,20Dresses,1272.18,1295.0,1.76
261299,20Dresses,1196.68,1395.0,14.22
256469,9shines Label,1509.6,2199.0,31.35
123686,20Dresses,1662.19,2495.0,33.38
409078,20Dresses,967.02,1295.0,25.33
116277,20Dresses,1773.89,1795.0,1.18
153735,4711,2858.13,4500.0,36.49
441921,20Dresses,2054.91,2395.0,14.2
75630,4711,2032.1,2900.0,29.93
429602,20Dresses,1609.69,2195.0,26.67
60459,20Dresses,1797.16,2695.0,33.32
471537,9shines Label,1272.24,2199.0,42.14
71078,20Dresses,1292.98,1395.0,7.31
426498,20Dresses,2895.0,2895.0,0.0
172079,250 DESIGNS,3999.0,3999.0,0.0
373292,A Homes Grace,5000.0,5000.0,0.0
252683,20Dresses,1285.5,1295.0,0.73
240380,4711,2029.03,2700.0,24.85
516528,20Dresses,880.37,1295.0,32.02
72050,20Dresses,965.62,1295.0,25.44
367847,20Dresses,1203.66,1295.0,7.05
213790,20Dresses,1175.98,1295.0,9.19
173782,A Homes Grace,2778.61,4500.0,38.25
169468,20Dresses,717.61,795.0,9.74
245465,9shines Label,1801.58,2199.0,18.07
56366,4711,3728.54,4500.0,17.14
106647,20Dresses,1115.83,1395.0,20.01
106043,20Dresses,1193.68,1595.0,25.16
368002,9shines Label,2199.0,2199.0,0.0
92536,9shines Label,1351.15,2199.0,38.56
456328,20Dresses,1523.53,1595.0,4.48
184162,20Dresses,1295.0,1295.0,0.0
539325,20Dresses,1395.0,1395.0,0.0
147086,20Dresses,1186.25,1395.0,14.96
301967,4711,4108.93,4500.0,8.69
235900,20Dresses,1275.29,1395.0,8.58
456387,20Dresses,1254.13,1595.0,21.37
155881,20Dresses,1496.91,1595.0,6.15
350060,4711,2623.67,3050.0,13.98
224301,20Dresses,1295.0,1295.0,0.0
249805,20Dresses,1372.41,1695.0,19.03
367500,20Dresses,1027.51,1395.0,26.34
284948,20Dresses,1034.4,1395.0,25.85
229119,20Dresses,1454.85,1795.0,18.95
326659,9shines Label,1334.53,2199.0,39.31
496041,20Dresses,832.09,1795.0,53.64
412175,20Dresses,1356.91,1495.0,9.24
92518,4WRD by Dressberry,1067.67,1299.0,17.81
75063,4711,3840.44,4500.0,14.66
411857,20Dresses,1309.82,1695.0,22.72
360984,4711,3025.11,4500.0,32.78
493339,4711,3238.38,4500.0,28.04
527383,4711,3321.65,4500.0,26.19
449706,20Dresses,1145.06,1295.0,11.58
335969,4711,3504.08,4500.0,22.13
526539,20Dresses,927.69,1295.0,28.36
230817,20Dresses,1065.76,1395.0,23.6
407853,20Dresses,704.87,1295.0,45.57
539164,4711,1800.0,1800.0,0.0
397251,4711,2608.99,3050.0,14.46
405266,4711,1800.0,1800.0,0.0
404625,20Dresses,1045.87,1595.0,34.43
204768,4WRD by Dressberry,1692.66,2799.0,39.53
143506,4711,3789.96,4500.0,15.78
196128,20Dresses,1288.88,1395.0,7.61
199381,20Dresses,929.92,1295.0,28.19
416710,20Dresses,907.4,1195.0,24.07
106447,20Dresses,1160.36,1295.0,10.4
504027,20Dresses,1149.87,1295.0,11.21
313684,20Dresses,1196.83,1295.0,7.58
420159,A Homes Grace,3204.23,6000.0,46.6
293298,20Dresses,1344.94,1595.0,15.68
458558,20Dresses,1495.0,1495.0,0.0
109201,20Dresses,1071.86,1295.0,17.23
270585,20Dresses,1010.94,1795.0,43.68
442223,4711,3750.39,4500.0,16.66
145242,4711,3692.91,4500.0,17.94
133710,20Dresses,1395.0,1395.0,0.0
206320,20Dresses,1251.81,1395.0,10.26
343223,9shines Label,1571.78,2199.0,28.52
353586,250 DESIGNS,2246.31,3999.0,43.83
495054,A Homes Grace,2360.18,6000.0,60.66
338762,20Dresses,1037.09,1395.0,25.66
72929,20Dresses,1122.92,1295.0,13.29
236205,20Dresses,1123.86,1295.0,13.22
285358,9shines Label,1100.23,2199.0,49.97
238958,20Dresses,1171.92,1295.0,9.5
510717,20Dresses,1196.24,1395.0,14.25
85173,20Dresses,1355.34,1595.0,15.03
173284,20Dresses,1173.16,1295.0,9.41
458301,9shines Label,1410.86,2199.0,35.84
252681,20Dresses,1195.0,1195.0,0.0
186236,20Dresses,1795.0,1795.0,0.0
101252,20Dresses,1039.95,1095.0,5.03
151217,20Dresses,1369.04,1595.0,14.17
406703,20Dresses,1448.94,1595.0,9.16
296003,4711,3350.15,4500.0,25.55
423783,4711,1253.07,1800.0,30.39
271161,9shines Label,2199.0,2199.0,0.0
300164,20Dresses,795.0,795.0,0.0
157343,20Dresses,1651.3,2195.0,24.77
221480,20Dresses,1223.7,1395.0,12.28
496723,20Dresses,1105.95,1695.0,34.75
385960,20Dresses,1295.0,1295.0,0.0
312900,20Dresses,1011.31,1395.0,27.5
533297,4711,9034.63,9050.0,0.17
531722,9shines Label,1758.45,2199.0,20.03
521857,A Homes Grace,2538.55,5000.0,49.23
47210,20Dresses,1142.09,1295.0,11.81
114302,20Dresses,558.39,795.0,29.76
318899,A Homes Grace,3185.76,5000.0,36.28
483446,4711,2411.35,4500.0,46.41
387369,20Dresses,1093.68,1395.0,21.6
231321,20Dresses,796.51,1295.0,38.49
272958,20Dresses,1440.09,1495.0,3.67
515781,20Dresses,1969.61,2295.0,14.18
81058,20Dresses,969.3,1595.0,39.23
199574,20Dresses,1290.3,1495.0,13.69
282530,9shines Label,1520.4,2199.0,30.86
444304,20Dresses,762.15,1595.0,52.22
90309,20Dresses,1064.17,2295.0,53.63
155565,A Homes Grace,3166.24,4500.0,29.64
298081,20Dresses,1695.86,2395.0,29.19
381402,A Homes Grace,3183.9,5000.0,36.32
116102,4WRD by Dressberry,1120.82,1299.0,13.72
302892,20Dresses,1424.11,1495.0,4.74
350720,20Dresses,1340.16,1495.0,10.36
339494,20Dresses,1382.82,1595.0,13.3
152125,20Dresses,1082.47,1295.0,16.41
77097,20Dresses,1297.91,1495.0,13.18
368341,20Dresses,1381.69,1495.0,7.58
467884,4WRD by Dressberry,1299.0,1299.0,0.0
314750,20Dresses,1254.2,1395.0,10.09
511020,20Dresses,1021.53,1295.0,21.12
328792,20Dresses,1315.19,1395.0,5.72
59357,20Dresses,1795.0,1795.0,0.0
56716,20Dresses,1074.23,1295.0,17.05
429319,20Dresses,1146.66,1295.0,11.45
74803,20Dresses,787.44,1095.0,28.09
386793,4711,3910.44,4500.0,13.1
391533,4711,4346.39,4500.0,3.41
97956,20Dresses,1395.0,1395.0,0.0
446905,4WRD by Dressberry,1057.79,1299.0,18.57
301974,A Homes Grace,2799.08,4500.0,37.8
167965,20Dresses,1395.0,1395.0,0.0
522708,20Dresses,2395.0,2395.0,0.0
182615,20Dresses,1063.76,1295.0,17.86
228126,20Dresses,932.62,1095.0,14.83
398137,9shines Label,861.37,2199.0,60.83
369796,4711,1651.22,1800.0,8.27
315647,20Dresses,1395.0,1395.0,0.0
164052,9shines Label,1830.32,2199.0,16.77
187527,4711,2900.0,2900.0,0.0
356760,4WRD by Dressberry,829.64,1299.0,36.13
170183,20Dresses,1107.59,1395.0,20.6
101636,20Dresses,708.78,1495.0,52.59
473474,20Dresses,1493.77,1695.0,11.87
494271,20Dresses,899.06,1395.0,35.55
415627,4711,2449.6,2700.0,9.27
379206,4711,3800.44,4500.0,15.55
240526,20Dresses,1295.0,1295.0,0.0
519357,9shines Label,1572.57,2199.0,28.49
232883,4711,1687.79,3050.0,44.66
402822,4711,2180.01,2700.0,19.26
453717,20Dresses,1295.0,1295.0,0.0
198141,9shines Label,1057.85,2199.0,51.89
92024,9shines Label,1115.79,2199.0,49.26
517167,4711,4500.0,4500.0,0.0
303869,20Dresses,1212.92,1295.0,6.34
134096,20Dresses,940.0,1295.0,27.41
250842,20Dresses,1395.0,1395.0,0.0
295310,9shines Label,1449.29,2199.0,34.09
58640,20Dresses,801.84,1295.0,38.08
300609,20Dresses,2495.0,2495.0,0.0
117061,4711,2057.16,3050.0,32.55
263504,20Dresses,1259.37,2495.0,49.52
465392,20Dresses,1022.51,1295.0,21.04
50967,20Dresses,1317.99,1395.0,5.52
457362,4WRD by Dressberry,1208.33,2799.0,56.83
160421,20Dresses,932.56,1595.0,41.53
292918,20Dresses,1266.78,1295.0,2.18
116653,20Dresses,557.87,795.0,29.83
88255,A Homes Grace,2673.92,4500.0,40.58
217366,9shines Label,1497.92,2199.0,31.88
390908,A Homes Grace,2409.88,5000.0,51.8
241567,9shines Label,1097.91,2199.0,50.07
522552,20Dresses,1022.1,1295.0,21.07
482579,20Dresses,1295.0,1295.0,0.0
309156,20Dresses,1160.9,1395.0,16.78
252583,4711,8265.01,9050.0,8.67
168835,A Homes Grace,2876.3,5000.0,42.47
538684,A Homes Grace,2837.48,4500.0,36.94
372641,20Dresses,986.52,1295.0,23.82
160163,4711,3462.96,4500.0,23.05
307141,20Dresses,1028.49,1295.0,20.58
95365,9shines Label,1391.85,2199.0,36.71
452325,20Dresses,1531.62,1695.0,9.64
400833,4WRD by Dressberry,1537.16,2799.0,45.08
118050,20Dresses,2495.0,2495.0,0.0
183010,20Dresses,1407.23,1495.0,5.87
125133,4WRD by Dressberry,1035.85,1299.0,20.26
212199,A Homes Grace,3163.91,5000.0,36.72
240931,20Dresses,1164.3,1295.0,10.09
453531,4711,2289.13,3050.0,24.95
86606,20Dresses,1285.02,1295.0,0.77
229219,4711,1493.92,2700.0,44.67
219291,A Homes Grace,2559.89,5000.0,48.8
203782,20Dresses,1395.0,1395.0,0.0
118415,20Dresses,1168.33,1395.0,16.25
86583,4711,3893.98,4500.0,13.47
279966,20Dresses,959.13,1295.0,25.94
511391,A Homes Grace,2710.33,4500.0,39.77
211822,20Dresses,1133.05,1295.0,12.51
471959,A Homes Grace,5000.0,5000.0,0.0
124745,20Dresses,1264.3,1495.0,15.43
107490,4711,4500.0,4500.0,0.0
160867,4711,2429.45,2900.0,16.23
300031,20Dresses,805.5,1295.0,37.8
250558,20Dresses,1318.42,1595.0,17.34
541321,20Dresses,1149.25,1295.0,11.26
484743,4711,2961.7,4500.0,34.18
156088,20Dresses,1062.49,1395.0,23.84
503593,4WRD by Dressberry,1027.85,1299.0,20.87
436865,20Dresses,862.57,1395.0,38.17
288416,20Dresses,801.19,1395.0,42.57
505241,20Dresses,1395.0,1395.0,0.0
538420,20Dresses,1041.54,1295.0,19.57
493384,20Dresses,837.39,1295.0,35.34
97620,20Dresses,1395.0,1395.0,0.0
143379,20Dresses,1056.34,1395.0,24.28
517940,20Dresses,2295.0,2295.0,0.0
429215,20Dresses,2371.16,2895.0,18.09
106852,20Dresses,882.32,1395.0,36.75
256477,9shines Label,1668.9,2199.0,24.11
314548,9shines Label,1388.22,2199.0,36.87
364357,20Dresses,2180.77,2395.0,8.94
242639,4711,1692.55,2900.0,41.64
205792,20Dresses,1795.0,1795.0,0.0
324829,20Dresses,1333.37,1395.0,4.42
353357,4711,1154.58,1800.0,35.86
200178,20Dresses,1037.01,1295.0,19.92
139307,20Dresses,1341.38,1395.0,3.84
384346,20Dresses,1148.84,1295.0,11.29
539800,9shines Label,1628.19,2199.0,25.96
78814,20Dresses,1395.0,1395.0,0.0
365021,20Dresses,1201.34,1395.0,13.88
339448,20Dresses,1078.97,1395.0,22.65
319581,20Dresses,1189.14,1295.0,8.17
514325,20Dresses,1008.51,1295.0,22.12
117699,4711,2813.3,4500.0,37.48
332077,20Dresses,1269.01,1595.0,20.44
446148,20Dresses,1126.06,1495.0,24.68
444493,20Dresses,859.04,1295.0,33.67
340400,250 DESIGNS,2018.61,3999.0,49.52
409316,4711,3296.27,4500.0,26.75
237428,4711,3707.3,4500.0,17.62
304508,20Dresses,872.94,1295.0,32.59
269562,20Dresses,1133.92,1395.0,18.72
